{
  "stardewEventID": 19904,
  "eventStringId": "HappyBirthday_Events_BirthdayParty_Dating_Abigail_Mines",
  "version": 2,
  "EventData": "playful/18 8/farmer 18 12 0 Abigail 18 4 2/skippable/globalFadeToClear 0.007/move farmer 0 -7 0 False/Omegasis.HappyBirthday.Events.SpeakWithTranslatedMessage Abigail DatingAbigailBirthday_Mine_Abigail:0/Omegasis.HappyBirthday.Events.SpeakWithTranslatedMessage Abigail DatingAbigailBirthday_Mine_Abigail:1/emote farmer 8/Omegasis.HappyBirthday.Events.SpeakWithTranslatedMessage Abigail DatingAbigailBirthday_Mine_Abigail:2/Omegasis.HappyBirthday.Events.SpeakWithTranslatedMessage Abigail DatingAbigailBirthday_Mine_Abigail:3/emote farmer 40/Omegasis.HappyBirthday.Events.SpeakWithTranslatedMessage Abigail DatingAbigailBirthday_Mine_Abigail:4/emote farmer 20/emote Abigail 20/globalFade 0.01/viewport -100 -100 true/Omegasis.HappyBirthday.Events.ShowTranslatedMessage DatingAbigailBirthday_Mine_Finish:0/Omegasis.HappyBirthday.Events.ShowTranslatedMessage DatingAbigailBirthday_Mine_Finish:1/Omegasis.EventFramework.AddObjectToPlayersInventory 220 1 False/Omegasis.HappyBirthday.Events.ShowTranslatedMessage PartyOver/end",
  "EventPreconditionData": "Omegasis.HappyBirthday.Framework.EventPreconditions.FarmerBirthdayPrecondition/StardustCore.Events.Preconditions.GameLocationPrecondition Mine/StardustCore.Events.Preconditions.TimeSpecific.TimeOfDayPrecondition 600 2600/StardustCore.Events.Preconditions.TimeSpecific.DayOfWeekPrecondition Wednesday /StardustCore.Events.Preconditions.NPCSpecific.DatingNPC Abigail/"
}