{
  "stardewEventID": 19925,
  "eventStringId": "HappyBirthday_Events_SaloonBirthdayParty_Year1",
  "version": 2,
  "EventData": "playful/-100 -100/farmer 14 23 0 Lewis 14 21 2 Gus 14 18 2 Emily 16 18 2 Sandy 18 18 2 Alex 6 21 1 George 7 2 1 Evelyn 6 22 1 Harvey 6 17 1 Marnie 9 22 1 Shane 11 23 1 Jas 10 23 1 Pierre 17 20 2 Caroline 18 20 2 Penny 10 20 2 Pam 11 20 2 Abigail 22 18 3 Sebastian 23 18 3 Sam 22 19 3 Haley 8 20 2 Elliott 4 18 1 Leah 5 19 1 Robin 19 22 3 Demetrius 19 23 3 Maru 18 21 3 Linus 27 23 3 Clint 20 17 3 Vincent 2 21 1 Jodi 3 22 1 Willy 20 20 3 Wizard 34 17 2/skippable/globalFadeToClear 0.007/Omegasis.HappyBirthday.Events.ShowTranslatedMessage CommunityBirthdayParty_0/Omegasis.HappyBirthday.Events.ShowTranslatedMessage CommunityBirthdayParty_1/viewport 14 23 true/emote farmer 16/Omegasis.HappyBirthday.Events.ShowTranslatedMessage CommunityBirthdayParty_2/Omegasis.HappyBirthday.Events.SpeakWithTranslatedMessage Lewis CommunityBirthdayParty_3/Omegasis.HappyBirthday.Events.SpeakWithTranslatedMessage Lewis CommunityBirthdayParty_4/emote farmer 20/globalFade 0.01/viewport -100 -100 true/Omegasis.HappyBirthday.Events.ShowTranslatedMessage CommunityBirthdayParty_5/Omegasis.EventFramework.AddObjectToPlayersInventory 220 1 False/end",
  "EventPreconditionData": "Omegasis.HappyBirthday.Framework.EventPreconditions.FarmerBirthdayPrecondition/StardustCore.Events.Preconditions.GameLocationPrecondition Saloon/StardustCore.Events.Preconditions.TimeSpecific.TimeOfDayPrecondition 600 2600/Omegasis.HappyBirthday.Framework.EventPreconditions.VillagersHaveEnoughFriendshipBirthdayPrecondition/Omegasis.HappyBirthday.Framework.EventPreconditions.YearPrecondition 1 EqualTo/"
}