[
  {
    "minRequiredHearts": 0,
    "maxRequiredHearts": 20,
    "objectID": "StardewValley.Object.CopperBar",
    "minAmount": 5,
    "maxAmount": 5
  },
  {
    "minRequiredHearts": 0,
    "maxRequiredHearts": 20,
    "objectID": "StardewValley.Object.IronBar",
    "minAmount": 3,
    "maxAmount": 3
  },
  {
    "minRequiredHearts": 0,
    "maxRequiredHearts": 20,
    "objectID": "StardewValley.Object.GoldBar",
    "minAmount": 3,
    "maxAmount": 3
  },
  {
    "minRequiredHearts": 4,
    "maxRequiredHearts": 20,
    "objectID": "StardewValley.Object.IridiumBar",
    "minAmount": 1,
    "maxAmount": 1
  },
  {
    "minRequiredHearts": 0,
    "maxRequiredHearts": 20,
    "objectID": "StardewValley.Object.Geode",
    "minAmount": 5,
    "maxAmount": 5
  },
  {
    "minRequiredHearts": 0,
    "maxRequiredHearts": 20,
    "objectID": "StardewValley.Object.FrozenGeode",
    "minAmount": 3,
    "maxAmount": 3
  },
  {
    "minRequiredHearts": 0,
    "maxRequiredHearts": 20,
    "objectID": "StardewValley.Object.MagmaGeode",
    "minAmount": 2,
    "maxAmount": 2
  },
  {
    "minRequiredHearts": 2,
    "maxRequiredHearts": 20,
    "objectID": "StardewValley.Object.OmniGeode",
    "minAmount": 1,
    "maxAmount": 1
  }
]