[
  {
    "minRequiredHearts": 0,
    "maxRequiredHearts": 20,
    "objectID": "StardewValley.Object.CherryBomb",
    "minAmount": 4,
    "maxAmount": 4
  },
  {
    "minRequiredHearts": 0,
    "maxRequiredHearts": 20,
    "objectID": "StardewValley.Object.Bomb",
    "minAmount": 2,
    "maxAmount": 2
  },
  {
    "minRequiredHearts": 0,
    "maxRequiredHearts": 20,
    "objectID": "StardewValley.Object.MegaBomb",
    "minAmount": 1,
    "maxAmount": 1
  },
  {
    "minRequiredHearts": 0,
    "maxRequiredHearts": 20,
    "objectID": "StardewValley.Object.Aquamarine",
    "minAmount": 1,
    "maxAmount": 1
  },
  {
    "minRequiredHearts": 0,
    "maxRequiredHearts": 20,
    "objectID": "StardewValley.Object.Amethyst",
    "minAmount": 1,
    "maxAmount": 1
  },
  {
    "minRequiredHearts": 0,
    "maxRequiredHearts": 20,
    "objectID": "StardewValley.Object.Topaz",
    "minAmount": 1,
    "maxAmount": 1
  },
  {
    "minRequiredHearts": 0,
    "maxRequiredHearts": 20,
    "objectID": "StardewValley.Object.Jade",
    "minAmount": 1,
    "maxAmount": 1
  },
  {
    "minRequiredHearts": 0,
    "maxRequiredHearts": 20,
    "objectID": "StardewValley.Object.Quartz",
    "minAmount": 1,
    "maxAmount": 1
  },
  {
    "minRequiredHearts": 0,
    "maxRequiredHearts": 20,
    "objectID": "StardewValley.Object.FireQuartz",
    "minAmount": 1,
    "maxAmount": 1
  },
  {
    "minRequiredHearts": 0,
    "maxRequiredHearts": 20,
    "objectID": "StardewValley.Object.FrozenTear",
    "minAmount": 1,
    "maxAmount": 1
  },
  {
    "minRequiredHearts": 0,
    "maxRequiredHearts": 20,
    "objectID": "StardewValley.Object.EarthCrystal",
    "minAmount": 1,
    "maxAmount": 1
  }
]