[
  {
    "minRequiredHearts": 0,
    "maxRequiredHearts": 20,
    "objectID": "StardewValley.Object.Poppy",
    "minAmount": 1,
    "maxAmount": 1
  },
  {
    "minRequiredHearts": 0,
    "maxRequiredHearts": 20,
    "objectID": "StardewValley.Object.SweetPea",
    "minAmount": 1,
    "maxAmount": 1
  },
  {
    "minRequiredHearts": 0,
    "maxRequiredHearts": 20,
    "objectID": "StardewValley.Object.Crocus",
    "minAmount": 1,
    "maxAmount": 1
  },
  {
    "minRequiredHearts": 0,
    "maxRequiredHearts": 20,
    "objectID": "StardewValley.Object.Sunflower",
    "minAmount": 1,
    "maxAmount": 1
  },
  {
    "minRequiredHearts": 0,
    "maxRequiredHearts": 20,
    "objectID": "StardewValley.Object.Tulip",
    "minAmount": 1,
    "maxAmount": 1
  },
  {
    "minRequiredHearts": 0,
    "maxRequiredHearts": 20,
    "objectID": "StardewValley.Object.SummerSpangle",
    "minAmount": 1,
    "maxAmount": 1
  },
  {
    "minRequiredHearts": 0,
    "maxRequiredHearts": 20,
    "objectID": "StardewValley.Object.FairyRose",
    "minAmount": 1,
    "maxAmount": 1
  },
  {
    "minRequiredHearts": 0,
    "maxRequiredHearts": 20,
    "objectID": "StardewValley.Object.BlueJazz",
    "minAmount": 1,
    "maxAmount": 1
  }
]