[
  {
    "minRequiredHearts": 0,
    "maxRequiredHearts": 20,
    "objectID": "StardewValley.Object.Pizza",
    "minAmount": 1,
    "maxAmount": 1
  },
  {
    "minRequiredHearts": 0,
    "maxRequiredHearts": 20,
    "objectID": "StardewValley.Object.Egg",
    "minAmount": 6,
    "maxAmount": 6
  },
  {
    "minRequiredHearts": 0,
    "maxRequiredHearts": 20,
    "objectID": "StardewValley.Object.JojaCola",
    "minAmount": 6,
    "maxAmount": 6
  },
  {
    "minRequiredHearts": 0,
    "maxRequiredHearts": 20,
    "objectID": "StardewValley.Object.Beer",
    "minAmount": 1,
    "maxAmount": 1
  },
  {
    "minRequiredHearts": 0,
    "maxRequiredHearts": 20,
    "objectID": "StardewValley.Object.Milk",
    "minAmount": 2,
    "maxAmount": 2
  }
]