﻿
{"Abigail": "З днем народження, @! Сподіваюся, цього року ми ще зможемо  відправитися за пригодами разом! $h","Alex": "Йо, @, З днем народження! Зробимо цей рік найкращим із усіх! $h","Caroline": "З днем народження, @! Дякую за все, що ти зробив(ла) для нашої долини. Я впевнена, що твої батьки пишаються тобою. $h","Clint": "Привіт, з днем народження, @! Я впевнений, що цей рік буде прекрасним для тебе.","Demetrius": "З днем народження, @! Не забувай приділити сьогодні час і для себе. $h","Dwarf": "З днем народження, @. Почекай, чи всі відзначають його?","Elliott": "Який чудовий день, @, чи не так? Але, звичайно, для тебе він ще прекрасніший, адже сьогодні твій день народження! $h#$b#Я насправді збирався написати вірші на цей випадок, але поки що доведеться обмежитися 'З Днем Народження'.","Emily": "З днем народження, @! Бачу, як твоє майбутнє сяє яскравим світлом. $h","Evelyn": "З днем народження, @. Ви стали такою чудовою людиною, і я впевнена, що твій дідусь пишався би тобою.","George": "Коли ти будеш мого віку, дні народження почнуть приходити і йти. Але все ж, З Днем Народження, @.","Gus": "Гей, @, З днем народження! Сподіваюсь, ти насолодишся рештою дня, і не забудь завітати до салуну!","Haley": "З днем народження, @! Сподіваюсь, цього року ти отримаєш багато гарних подарунків! $h","Harvey": "З Днем Народження, @! Заходь на огляд іноді, гаразд? Хочу переконатися, що ти ще довго будеш бачити цей світ.","Jas": "З днем народження, @! Я рада, що вирішила краще познайомитися з тобою.","Jodi": "Привіт тобі, @. Чутки ходять, що сьогодні твій день народження. Якщо це так, то З Днем Народження! $h","Kent": "Джоді сказала мені, що у тебе сьогодні день народження, @. З днем народження, і не забудь цінувати кожен свій день.","Krobus": "З днем народження, @. Я все ще не дуже розумію людей, але я радий, що познайомився з тобою.","Leah": "Гей, @, З днем народження! Рада бачити, що тобі добре на фермі. $h","Leo": "Моя пташинна сім'я повідомила мені, що у тебе сьогодні день народження, @. З днем народження!","Lewis": "З днем Народження, @! Я дуже ціную все, що ти зробив(ла) для міста. Продовжуйте в тому ж дусі.","Linus": "З Днем Народження, @! Дякую, що навіть у цей день ти вирішив(ла) зайти до мене. Ти мене дуже порадував(ла). $h","Marnie": "Привіт, @! Всі говорять про твій день народження, і я теж хочу побажати тобі щасливого дня народження! $h","Maru": "З днем народження, @. Я намагалася зробити тобі вічну свічку, але, на жаль, це не вийшло. Може, в наступному році? $h","Pam": "З Днем Народження, Дитя. Давай вип'ємо за ще один рік твого життя! $h","Penny": "З Днем Народження, @. Нехай у цьому році життя буде щедрим на блага для тебе. $h","Pierre": "Ей, @, з Днем Народження! Сподіваюся, що цей рік буде для тебе чудовим!","Robin": "Ей, @, з Днем Народження! Я дуже рада, що ти вирішив(ла) переїхати в долину.","Sam": "Ей, @, з Днем Народження! Треба буде влаштувати діджей паті на твою честь! $h","Sandy": "Ох, Дорогенька, ти зробив(ла) цей шлях, щоб побачити мене у свій день народження?$h#$b#Тоді я повинна побажати тобі щасливого дня народження!~ $h","Sebastian": "З днем народження, @. Сподіваюся, все йде добре на фермі.","Shane": "З днем народження, @. Продовжуй наполегливо працювати, і я впевнений, що цей рік стане чудовим для тебе.","Vincent": "Гей, @, ви прийшли, щоб копатися... а, сьогодні ж ваш день народження? З днем народження!","Willy": "Агов, @, З днем народження. Коли я дивлюся на тебе, я згадую часи, коли я був ще малою рибкою. $bНасолоджуйся життям, молодість швидко йде. $h","Wizard": "З днем народження, @. Ніколи не забувай, що тільки ти сам створюєш своє майбутнє.#$e#Як я це дізнався? Ах, я підслухав розмову місцевих мешканців про те, які подарунки вони подарують. Думаю, тобі вони сподобаються."}