﻿{  
  "DatingAbigailBirthday_Abigail:0": "Привіт, @! Ти на святкуванні! $h",
  "DatingAbigailBirthday_Abigail:1": "Ухх, який смачний тортик, мамо! $h",
  "DatingAbigailBirthday_Abigail:2": "Загадай бажання і задми свічки, @.",
  "DatingAbigailBirthday_Abigail:3": "Такс, @, яке ж було бажання? Надіюсь, якесь суперове вміння!",
  "DatingAbigailBirthday_Abigail:4": "В любому випадку, вітаю! Надіюсь, що на тебе чекає багато пригод. $l",
  "DatingAbigailBirthday_Caroline:0": "Не хвилюйся, я впевнена, що твої клієнти не проти, якщо ти відійдеш на кілька хвилин. Ох, торт нарешті готовий.",
  "DatingAbigailBirthday_Caroline:1": "Вздих, Чесно кажучи...",
  "DatingAbigailBirthday_Caroline:2": "Ну що ж, @, наливай собі скільки захочеш. $h",
  "DatingAbigailBirthday_Finish:0": "Було приємно відсвяткувати з Абігейл та її сім'єю.",
  "DatingAbigailBirthday_Finish:1": "Здається, лишилось ще трошки торту!",
  "DatingAbigailBirthday_Mine_Abigail:0": "Привіт, @! Ти попав саме на початок пригоди! $h",
  "DatingAbigailBirthday_Mine_Abigail:1": "Я подумала, було б чудово, якщо б ми провели якийсь час разом в шахті на твій день народження. Нічого так не передбачує захопливий день народження, як невелика пригода, чи не так? $h",
  "DatingAbigailBirthday_Mine_Abigail:2": "Не хвилюйся, я не пропоную битись з монстрами. Я просто думала, що зміна обстановки може бути цікавою. Плюс, мій дім сьогодні зачинений, бо мій батько вихідний в середу.",
  "DatingAbigailBirthday_Mine_Abigail:3": "Я просто щаслива, що ми можемо провести час разом. Я навіть принесла торт, щоб зробити це справжнім святом. Загадуй бажання!",
  "DatingAbigailBirthday_Mine_Abigail:4": "В любому випадку, з днем народження, @! Надіюсь, що на нас чекає ще багато пригод. $l",
  "DatingAbigailBirthday_Mine_Finish:0": "Було приємно відсвяткувати день народження лише з Абігейл.",
  "DatingAbigailBirthday_Mine_Finish:1": "Здається, лишилось ще трошки торту!",
  "DatingAbigailBirthday_Pierre:0": "Почувайся як вдома, @! Я не можу затриматись на довго, бо маю зайнятись магазином, але я подумав, що вечірка є гарною ідеєю! $h",
  "DatingAbigailBirthday_Pierre:1": "Ну взагалі так, це було приготовано з найкращих інгрідієнтів, що є в магазині! $h",
  "DatingAlexBirthday_Alex:0": "Привіт, @, ти саме вчасно. $h",
  "DatingAlexBirthday_Alex:1": "Я подумав, що було б чудово влаштувати невелике свято на твій день народження. Бо ж класно відпочити після такого інтенсивного тренування! $h",
  "DatingAlexBirthday_Alex:2": "Я купив для нас піцу та напої. Надіюсь, що тобі сподобається! $h",
  "DatingAlexBirthday_Alex:3": "З днем народження, @. Я дуже щасливий бути з тобою. $l",
  "DatingAlexBirthday_Finish:0": "Було приємно святкувати день народження лише з Алексом.",
  "DatingAlexBirthday_Finish:1": "Здається ще лишилась їжа!",
  "DatingElliottBirthday_Elliott:0": "Ах, @, прекрасно! Ти саме вчасно! $h",
  "DatingElliottBirthday_Elliott:1": "Я подумав, що було б чудово, якби ми провели невелике свято на честь твого дня народження! $h",
  "DatingElliottBirthday_Elliott:2": "Я знаю, що дні народження можуть бути справжньою морокою і, я певен, ти маєш сьогодні справи, але  ціную те, що ти тут, щоб провести цей особливий день зі мною. $l",
  "DatingElliottBirthday_Elliott:3": "Нажаль, я намагався написати щось для тебе, щоб показати почуття до тебе, але словами не передати всіх найменших деталей. $l",
  "DatingElliottBirthday_Elliott:4": "Добре, давай з'їмо торт, і відсвяткуємо. Закривай очі і загадуй бажання!",
  "DatingElliottBirthday_Elliott:5": "З днем народження, @! Бажаю, щоб твоє життя було наповнене цікавими історіями! $l",
  "DatingElliottBirthday_Finish:0": "Було приємно святкувати з Елліотом.",
  "DatingElliottBirthday_Finish:1": "Здається, ще лишився торт!",
  "DatingEmilyBirthday_Emily:0": "Привіт, @, ти саме вчасно. $h",
  "DatingEmilyBirthday_Emily:1": "Я подумала, що було б добре зробити маленьке свято на твій день народження.",
  "DatingEmilyBirthday_Emily:2": "Я думаю, що дні народження, це важливе нагадування для нас жити моментами і гармоніювати з природою.",
  "DatingEmilyBirthday_Emily:3": "В будь-якому випадку, я спекла для нас шоколадний тортик! Він зроблений лише з натуральних продуктів, а солодість в ньому через кактусовий сироп! $h",
  "DatingEmilyBirthday_Emily:4": "Закрий очі і загадуй бажання, @! $h",
  "DatingEmilyBirthday_Emily:5": "З днем народження, @! Я відчуваю справжню енергію вдачі від духів на цей рік. $l",
  "DatingEmilyBirthday_Finish:0": "Було приємно святкувати день народження з Емілі.",
  "DatingEmilyBirthday_Finish:1": "Здається, ще лишився торт!",
  "DatingHaleyBirthday_Finish:0": "Було приємно святкувати лише з Гейлі.",
  "DatingHaleyBirthday_Finish:1": "Здається ще лишився торт!",
  "DatingHaleyBirthday_Haley:0": "Агов, @, ти саме вчасно! $h",
  "DatingHaleyBirthday_Haley:1": "Ну, я хотіла влаштувати справжню вечірку, але я подумала, що було б приємно провести цей день вдвох. $l",
  "DatingHaleyBirthday_Haley:2": "Для мене дні народження можуть бути доволі цікавими, коли вони проходять правильно, але я хотіла, щоб цей був особливим, бо... ти особлива людина, знаєш? $l",
  "DatingHaleyBirthday_Haley:3": "В любому випадку, я купила для нас торт! Не забудь загадати бажання, добре? $h",
  "DatingHaleyBirthday_Haley:4": "З днем народження, @. Я так рада, що ми провели час разом. Давай зробимо фото, щоб запам'ятати цей момент. $l",
  "DatingHarveyBirthday_Finish:0": "Було приємно святкувати лише з Гарві.",
  "DatingHarveyBirthday_Finish:1": "Здається, лишилось трошки їжі!",
  "DatingHarveyBirthday_Harvey:0": "Ох, привіт, @, ти саме вчасно! Дозволь мені трошки прибратись. $h",
  "DatingHarveyBirthday_Harvey:1": "Я подумав, що було б добре влаштувати тобі свято, тому приготував для нас дещо особливе. $l",
  "DatingHarveyBirthday_Harvey:2": "Не хвилюйся за вино, трохи можна, бо сьогодні особливий день! $h",
  "DatingHarveyBirthday_Harvey:3": "Так давай, на здоров'я! З днем народження, най рік буде повним здоров'я і сили! $l",
  "DatingLeahBirthday_Finish:0": "Було приємно провести свято лише з Леєю.",
  "DatingLeahBirthday_Finish:1": "Здається, лишилось трошки торту!",
  "DatingLeahBirthday_Leah:0": "Привіт, @! Заходь і відчувай себе як вдома! $h",
  "DatingLeahBirthday_Leah:1": "Я знала, що сьогодні твій день народження, тому подумала, що ми маємо влаштувати невелике свято. Я навіть купила для нас торт. $h",
  "DatingLeahBirthday_Leah:2": "Знаєш, я не святкувала дні народження з кимось вже кілька років, але я відчула, що хочу провести цей день з тобою. $l",
  "DatingLeahBirthday_Leah:3": "Ніколи б не подумала, що зміню свою думку про це свято, але думаю, що наша дружба відкрила мене наново . $l",
  "DatingLeahBirthday_Leah:4": "Взагалі, досить цих теревень. З днем народження, @. А що ти думаєш про торт? $h",
  "DatingMaruBirthday_Demetrius:0": "Привіт, @, заходь і почувайся як вдома. $h",
  "DatingMaruBirthday_Demetrius:1": "Я згоден, думаю, що вечірка прекрасна. До того ж, наука показує, що продуктивність росте, коли час від часу відпочиваєш та розважаєшся. $h",
  "DatingMaruBirthday_Finish:0": "Було приємно святкувати з Мару та її сім'єю.",
  "DatingMaruBirthday_Finish:1": "Здається, лишився торт!",
  "DatingMaruBirthday_Maru:0": "О, @, ти саме вчасно. $h",
  "DatingMaruBirthday_Maru:1": "Я намагалась зробити тобі робота, який би допомагав тобі на фермі, але в мене не вистачило часу. Надіюсь, дороблю до наступного дня народження.",
  "DatingMaruBirthday_Maru:2": "Гаразд, @, загадуй бажання!",
  "DatingMaruBirthday_Maru:3": "Зі святом, @. Надіюсь, що це лише початок довгих років, які ми проведемо разом. $l",
  "DatingMaruBirthday_Robin:0": "Знаєш, я згодна. Я думаю, що важливі не подарунки, а думки. $h",
  "DatingMaruBirthday_Robin:1": "Ох! Торт вже готовий!",
  "DatingMaruBirthday_Sebastian:0": "Я думаю, що просто мати таку вечірку вже достатньо.",
  "DatingMaruBirthday_Sebastian:1": "Круто, пішли їсти.",
  "DatingPennyBirthday_Finish:0": "Було приємно відсвяткувати з сім'єю Пенні.",
  "DatingPennyBirthday_Finish:1": "Схоже, що лишилось трошки торту й пива!",
  "DatingPennyBirthday_Pam:0": "Заходь, Дитя. Вечірка тільки починається! $h",
  "DatingPennyBirthday_Pam:1": "Ось, сідай, випий пива!",
  "DatingPennyBirthday_Pam:2": "Гаразд, бери склянку! З днем народження! $h",
  "DatingPennyBirthday_Penny:0": "О, @, ти вчасно! $h",
  "DatingPennyBirthday_Penny:1": "Я подумала, що було б добре влаштувати тобі свято. Так, це не багато, але сподіваюсь, Що тобі сподобається. $l",
  "DatingPennyBirthday_Penny:2": "Мамо! $a",
  "DatingPennyBirthday_Penny:3": " *подих* Ну, почувайся як вдома. Я дістану торт.",
  "DatingPennyBirthday_Penny:4": "З днем народження, @. Надіюсь, вийде повторити наступного року. $l",
  "DatingSamBirthday_Finish:0": "Було приємно зустріти день народження разом з Семом.",
  "DatingSamBirthday_Finish:1": "Здається, ще лишилась їжа!",
  "DatingSamBirthday_Sam:0": "Привіт, @, ти саме вчасно. $h",
  "DatingSamBirthday_Sam:1": "Я подумав, що хочу влаштувати тобі маленьке свято. Не хвилюйся, сьогодні моя сім'я зайнята, так що ми можемо просто відпочити. $h",
  "DatingSamBirthday_Sam:2": "Я купив для нас піцу та напої. Сподіваюсь, тобі сподобається! Я б зробив тобі торт, але я ніколи не вмів готувати. $h",
  "DatingSamBirthday_Sam:3": "Такс, з днем народження, @. Я радий бути твоїм другом. $l",
  "DatingSebastianBirthday_Demetrius:0": "Я згоден. Я думаю, що ця вечірка просто чудова. Крім того, наука показує, що продуктивність росте, коли час від часу відпочиваєш і розважаєшся. $h",
  "DatingSebastianBirthday_Demetrius:1": "Добре, @, загадуй бажання! $h",
  "DatingSebastianBirthday_Finish:0": "Було чудово відсвяткувати день народження з Себбі та його сім'єю.",
  "DatingSebastianBirthday_Finish:1": "Здається, ще є шматочок торту!",
  "DatingSebastianBirthday_Maru:0": "З днем народження, @. Якщо чесно, я трошки здивована, що в нас буде святкування. Себастьян ніколи не любив свят.",
  "DatingSebastianBirthday_Maru:1": "О, який милий тортик! Дай шматочок, @! $h",
  "DatingSebastianBirthday_Robin:0": "Добридень, @, почувайся як вдома. $h",
  "DatingSebastianBirthday_Robin:1": "Це чудово, що Себбі захотів влаштувати тобі свято. $h",
  "DatingSebastianBirthday_Robin:2": "Ох, торт вже готовий!",
  "DatingSebastianBirthday_Sebastian:0": "Привіт, @, ти саме вчасно. Мама тільки приготувала торт. $h",
  "DatingSebastianBirthday_Sebastian:1": "Якщо чесно... вони здивовані, чому я не роблю такі речі частіше.",
  "DatingSebastianBirthday_Sebastian:2": "З днем народження, @. Я радий, що ми можемо побути разом. $h",
  "DatingShaneBirthday_Finish:0": "Було чудово відпочити на день народження з Шейном.",
  "DatingShaneBirthday_Finish:1": "Здається, у нас ще є їжа і напої!",
  "DatingShaneBirthday_Shane:0": "Ох,привіт, @, ти вже тут?! $h",
  "DatingShaneBirthday_Shane:1": "Я подумав, що було б добре влаштувати тобі свято. $h",
  "DatingShaneBirthday_Shane:2": "Я купив для нас піцу і напої. Сподіваюсь сподобається! Я б зробив тобі торт,але я не дуже певен, як саме його робити. $h",
  "DatingShaneBirthday_Shane:3": "Добре, з днем народження, @. Я щасливий, що я з тобою. $l",
  "JojaParty_0": "Вітаємо в Joja Mart,  @!",
  "JojaParty_1": "Наші записи кажуть, що у вас сьогодні свято. Хочу нагадати, що ми відносимся до всіх наших членів, як до сім'ї бренду Joja.",
  "JojaParty_2": "Будь ласка, візьміть цей подарунок від сім'ї Joja.",
  "JojaPartyOver": "Це було приємно. Повертайтесь до роботи!",
  "JunimoBirthdayParty_0": "Схоже, що Джунімо влаштували тобі святкування!",
  "JunimoBirthdayParty_1": "Де ж той смачний торт?!",
  "Lewis_AskPlayerForBirthday_Confirmation": "Гаразд, {0}, {1}. Я обов'язково це запам'ятаю, ще побачимось, @! $h",
  "Lewis_AskPlayerForBirthday_Intro": "Привіт, @, я забув запитати дату твого дня народження, коли ти опинився в долині. Я питаю, щоб внести цю інформацію в документи міста. Мені б хотілось, щоб ти був частиною долини. Просто заповни цю анкету. $h",
  "Lewis_AskPlayerForBirthday_TodayIsBirthday": "О, сьогодні твій день народження? Вітаю, @! Я обов'язково запам'ятаю це! $h",
  "PartyOver": "Це було чудово! Повертайтесь до роботи!",
  "SpousePartyOver": "Завжди приємно проводити час з близькими.",
  
  "SpouseBirthdayEvent_0": "Привіт, {AffectionateSpouseWord}, {TimeOfDay}! $h",
  "SpouseBirthdayEvent_1": "Я хотів впевнитись, що купив тобі щось, щоб показати свою дружбу. $h",
  "SpouseBirthdayEvent_2": "Дякую, що ти присутній в моєму житті. Кожен день, проведений з тобою, особливий для мене. $l",
  "SpouseBirthdayEvent_3": "З днем народження, @, бажаю, щоб ми ще довго були близькі. $l",
  
  "SpouseBirthdayEvent_Abigail_0": "Привіт, {AffectionateSpouseWord}, {TimeOfDay}! $h",
  "SpouseBirthdayEvent_Abigail_1": "Знаєш, сьогодні твій особливий день! Я знаю, що це не багато, але я тобі дещо купила! $h",
  "SpouseBirthdayEvent_Abigail_2": "Дякую, що саме ти є особливою людиною в моєму житті, завдяки тобі я зрозуміла, що життя - це велика пригода. Я не можу дочекатись, щоб побачити, куди нас приведе мабутнє. $l",
  "SpouseBirthdayEvent_Abigail_3": "З днем народження, @, сподіваюсь на багато років, які ми проведемо разом. $l",
  "SpouseBirthdayEvent_Alex_0": "Привіт, {AffectionateSpouseWord}, {TimeOfDay}! $h",
  "SpouseBirthdayEvent_Alex_1": "В тебе сьогодні особливий день! Я знаю, що це не багато, але  купив тобі дещо! $h",
  "SpouseBirthdayEvent_Alex_2": "Дякую, що ти зі мною. Я щаслива, що ми живемо разом, це наштовхує на думки, що я переможниця. Я не замінила б моменти з тобою ні на що інше. $l",
  "SpouseBirthdayEvent_Alex_3": "З днем народження, @, сподіваюсь ми ще довго будемо разом. $l",
  "SpouseBirthdayEvent_Elliott_0": "Привіт, {AffectionateSpouseWord}, {TimeOfDay}! $h",
  "SpouseBirthdayEvent_Elliott_1": "Знаєш, сьогодні твій особливий день! Я знаю, що це небагато, але я дещо взяв для тебе! $h",
  "SpouseBirthdayEvent_Elliott_2": "Ти не припиняєш приносити чарівне натхнення для мене кожну хвилину, і я сподіваюсь, що я можу це робити і для тебе також. $l",
  "SpouseBirthdayEvent_Elliott_3": "З днем народження, @, сподіваюсь ми ще довго будемо писати нашу спільну історію. $l",
  "SpouseBirthdayEvent_Emily_0": "Привіт, {AffectionateSpouseWord}, {TimeOfDay}! $h",
  "SpouseBirthdayEvent_Emily_1": "Знаєш, сьогодні дуже особливий день! Я знаю, що це не багато, але я хотіла тебе порадувати! $h",
  "SpouseBirthdayEvent_Emily_2": "Бути з тобою, дивовижно, здається, що наші долі сплетені, і я б не хотіла, щоб це відбувалось інакше. Ти точно частинка моєї душі. $l",
  "SpouseBirthdayEvent_Emily_3": "Вітаю з днем народження, @, сподіваюсь ми будемо разом ще вічність. $l",
  "SpouseBirthdayEvent_Haley_0": "Привіт, {AffectionateSpouseWord}, {TimeOfDay}! $h",
  "SpouseBirthdayEvent_Haley_1": "Я купила тобі дещо! Я просто впевнена, що це тобі сподобається! Я витратила багато часу, щоб знайти це для тебе. $h",
  "SpouseBirthdayEvent_Haley_2": "А ти знаєш, {AffectionateSpouseWord}, ми пройшли багато чого,з моменту, коли зустрілись вперше, але я рада, що ми пройшли це разом. Кожен день разом здається ідеальним. $l",
  "SpouseBirthdayEvent_Haley_3": "З днем народження, @, сподіваюсь ми й надалі будемо разом. $l",
  "SpouseBirthdayEvent_Harvey_0": "Привіт, {AffectionateSpouseWord}, {TimeOfDay}! $h",
  "SpouseBirthdayEvent_Harvey_1": "Я хотів купити тобі дещо особливе в цей день. $h",
  "SpouseBirthdayEvent_Harvey_2": "Бути з тобою змушує мене справді цінувати деякі аспекти свого життя. Я ніколи не відчувала себе такою живою, як разом з тобою. Ти наповнюєш моє серце теплотою. $l",
  "SpouseBirthdayEvent_Harvey_3": "З днем народження, @, сподіваюсь ти ще довго будеш зі мною разом. $l",
  "SpouseBirthdayEvent_Leah_0": "Привіт, {AffectionateSpouseWord}, {TimeOfDay}! $h",
  "SpouseBirthdayEvent_Leah_1": "Я купила тобі подарунок! Я впевнена, тобі сподобається! Мені довелось довго шукати це. $h",
  "SpouseBirthdayEvent_Leah_2": "Я така щаслива, що ти потрапив в моє життя. Ти завжди був поряд, кожен крок, і я хочу й надалі показувати, як багато ти є для мене. $l",
  "SpouseBirthdayEvent_Leah_3": "Вітаю зі святом, @, сподіваюсь ми ще багато часу проведемо разом. $l",
  "SpouseBirthdayEvent_Maru_0": "Привіт, {AffectionateSpouseWord}, {TimeOfDay}! $h",
  "SpouseBirthdayEvent_Maru_1": "Сьогодні твій особливий день! Я приготувала для тебе подарунок! $h",
  "SpouseBirthdayEvent_Maru_2": "Я така щаслива, що ми можемо проводити такі моменти разом . Здається, що зірки співзвучні нашим життям. Галактика може бути величезною, але ти - саме мій всесвіт. $l",
  "SpouseBirthdayEvent_Maru_3": "З днем народження, @, сподіваюсь бути разом з тобою і надалі. $l",
  "SpouseBirthdayEvent_Penny_0": "Привіт, {AffectionateSpouseWord}, {TimeOfDay}! $h",
  "SpouseBirthdayEvent_Penny_1": "Сьогодні особливий день! Я знаю, що це не багато, але я маю для тебе подарунок! $h",
  "SpouseBirthdayEvent_Penny_2": "Коли я бачу твою посмішку, я така щаслива. Я люблю час проведений разом з тобою. Це як мрія, що здійснилась. $l",
  "SpouseBirthdayEvent_Penny_3": "Вітаю, @, сподіваюсь ми ще багато часу проведемо разом. $l",
  "SpouseBirthdayEvent_Sam_0": "Привіт, {AffectionateSpouseWord}, {TimeOfDay}! $h",
  "SpouseBirthdayEvent_Sam_1": "Я купив тобі дещо, що ти точно заціниш!",
  "SpouseBirthdayEvent_Sam_2": "Я такий щасливий, що ти приїхала в наше містечко, і ми здружилися. Це дійсно змушує мене цінувати наше спільне життя. Ти була для мене великим натхненням, і я сподіваюсь, що я можу відплатити тобі тим самим. $l",
  "SpouseBirthdayEvent_Sam_3": "Вітаю з днем народження, @, сподіваюсь, ще довго будемо разом. $l",
  "SpouseBirthdayEvent_Sebastian_0": "Привіт, {AffectionateSpouseWord}, {TimeOfDay}! $h",
  "SpouseBirthdayEvent_Sebastian_1": "Ось, я купив тобі дещо, щоб показати, наскільки ти цінна для мене. $h",
  "SpouseBirthdayEvent_Sebastian_2": "Дякую, що ти зі мною, я дійсно ціную наше спільне життя, і наше місце. І мені більше нічого не потрібно. ",
  "SpouseBirthdayEvent_Sebastian_3": "З днем народження, @,сподіваюсь, що ми ще довго будемо разом. $l",
  "SpouseBirthdayEvent_Shane_0": "Привіт, {AffectionateSpouseWord}, {TimeOfDay}! $h",
  "SpouseBirthdayEvent_Shane_1": "Ось, я купив щось для тебе, хотів показати, яке велике місце займаєш ти в моєму житті. $h",
  "SpouseBirthdayEvent_Shane_2": "Я такий вдячний, що ти з'явилась в моєму житті. Ти дійсно сильно підтримала мене, і я хочу стати кращою версією себе, для тебе. $l",
  "SpouseBirthdayEvent_Shane_3": "З днем народження, @, сподіваюсь, що ми проведемо разом, ще багато днів. $l",
  
  
  "SpouseAskPlayerForFavoriteGift_Abigail_0": "Привіт, @, я хотіла запитати, що ти любиш? Я зрозуміла, що не знаю і вирішила запитати, бо мені хотілось, щоб ти відчув себе особливо.",
  "SpouseAskPlayerForFavoriteGift_Abigail_1": "Гаразд! Я спробую запам'ятати це, і згадати, коли настане час, {AffectionateSpouseWord}. $h",
  "SpouseAskPlayerForFavoriteGift_Alex_0": "Привіт, @, я хотів дізнатись, що тобі подобається? Я думав про це і зрозумів, що не знаю. І вирішив запитати, бо я хочу, щоб ти відчула себе особливою, якщо я захочу зробити подарунок на особливий випадок.",
  "SpouseAskPlayerForFavoriteGift_Alex_1": "Добре! Я спробую запам'ятати і використати це, коли настане час, {AffectionateSpouseWord}. $h",
  "SpouseAskPlayerForFavoriteGift_Elliott_0": "Привіт, @, я хотів запитати, що тобі дуже подобається? Вирішив запитати, якщо захочу подарувати тобі, щось особливе.",
  "SpouseAskPlayerForFavoriteGift_Elliott_1": "Гаразд! Я обов'язково запам'ятаю це! {AffectionateSpouseWord}. $h",
  "SpouseAskPlayerForFavoriteGift_Emily_0": "Привіт, @, я хочу запитати, що ти любиш? Я зрозуміла, що не знаю цього, але дуже хочу, подарувати те, що ти справді хочеш.",
  "SpouseAskPlayerForFavoriteGift_Emily_1": "Чудово! Я це обов'язково запам'ятаю, дочекайся будь ласка  {AffectionateSpouseWord}. $h",
  "SpouseAskPlayerForFavoriteGift_Haley_0": "Привіт, @, я хочу запитати, що ти сильно любиш? Я зрозуміла, що не знаю цього, але дуже хочу, подарувати те, що ти справді хочеш.",
  "SpouseAskPlayerForFavoriteGift_Haley_1": "Чудово, я обов'язково використаю ці знання в потрібний момент. {AffectionateSpouseWord}. $h",
  "SpouseAskPlayerForFavoriteGift_Harvey_0": "Привіт, @! Що тобі подобається? Я хочу подарувати тобі щось, що тобі подобається, щоб порадувати тебе.",
  "SpouseAskPlayerForFavoriteGift_Harvey_1": "Добре! Я постараюся запам'ятати це і подарувати в потрібний момент саме цю річ. {AffectionateSpouseWord}. $h",
  "SpouseAskPlayerForFavoriteGift_Leah_0": "Гей, @, а що ти любиш? Я згадала, що ти не говорив цього, і вирішила дізнатись.",
  "SpouseAskPlayerForFavoriteGift_Leah_1": "Клас! Я намагатимусь зробити усе можливе, коли настане час, {AffectionateSpouseWord}. $h",
  "SpouseAskPlayerForFavoriteGift_Maru_0": "Привіт, @, а що тобі подобається в якості подарунка? Я думала про те, що тобі б сподобалось, але вирішила запитати в тебе, бо я хочу щоб подарунок тобі точно сподобався, якщо буде особливий день для цього подарунку.",
  "SpouseAskPlayerForFavoriteGift_Maru_1": "Окей! Я намагатимусь зробити усе що можу, коли настане той час {AffectionateSpouseWord}. $h",
  "SpouseAskPlayerForFavoriteGift_Penny_0": "Привіт, @, я хотіла запитати, що ти полюбляєш? Я хочу зробити для тебе особливий подарунок, щоб ти широко посміхнувся, побачишви його.",
  "SpouseAskPlayerForFavoriteGift_Penny_1": "Гаразд! Я намагатимусь знайти це для тебе. {AffectionateSpouseWord}. $h",
  "SpouseAskPlayerForFavoriteGift_Sam_0": "Гей, @, а що тобі подобається? Я подумав, що хочу знати це про всяк випадок.",
  "SpouseAskPlayerForFavoriteGift_Sam_1": "Супер, я не забуду цього, от побачиш, коли настане час {AffectionateSpouseWord}. $h",
  "SpouseAskPlayerForFavoriteGift_Sebastian_0": "Привіт, @, я тут щоб запитати, про твій ідеальний подарунок. Я не дуже впевнений, що зможу вгадати, тому просто питаю в тебе про це.",
  "SpouseAskPlayerForFavoriteGift_Sebastian_1": "Супер, я намагатимусь зробити усе можливе, коли настане час {AffectionateSpouseWord}. $h",
  "SpouseAskPlayerForFavoriteGift_Shane_0": "Привіт, @, а я питав в тебе, що ти любиш? Подумав було б добре знати це, і подарувати в особливий день.",
  "SpouseAskPlayerForFavoriteGift_Shane_1": "Добре, Я запам'ятаю і використаю це,коли прийде час {AffectionateSpouseWord}. $h",
  
  "SpouseAskPlayerForFavoriteGift_0": "Привіт, @! А що ти любиш? Можливо я зможу тобі подарувати дещо особливе в твій день народження.",
  "SpouseAskPlayerForFavoriteGift_1": "Супер, намагатимусь зробити усе можливе, коли настане час {AffectionateSpouseWord}. $h",


  "CommunityBirthdayParty_0": "Тсс! Я думаю, вони вже тут.",
  "CommunityBirthdayParty_1": "Хтось ввімкніть світло!",
  "CommunityBirthdayParty_2": "З днем народження, @!",
  "CommunityBirthdayParty_3": "З днем народження, @! Ти став незамінною частинкою нашої спільноти, так що, коли я розмовляла з Гасом про організацю маленького свята для тебе, ідея йому дуже сподобалась. Всі хотіли прийняти участь в святкуванні, щоб ти відчув себе особливим, так, як ти вплинув на наше життя. $h",
  "CommunityBirthdayParty_4": "Нужбо, це свято на твою честь, давай відмічати! $h",
  "CommunityBirthdayParty_5": "Вечірка була чудовою! Було добре побачити всіх. Гаразд, треба повертатись до роботи!"
}
