﻿{

  "Omegasis.HappyBirthday_BelatedBirthdayWish_Abigail": "З пройдешнім днем народження, @! ^ сподіваюсь, в цьому році ми зможемо відправитись разом на ще більше пригод. ^^ - Аббі {0}",
  "Omegasis.HappyBirthday_BelatedBirthdayWish_Alex": "Привіт, @, з пройдешнім днем народження! ^ Нехай цей рік стане найкращим. ^^ - Алекс {0}",
  "Omegasis.HappyBirthday_BelatedBirthdayWish_Caroline": "З пройдешнім днем народження, @. ^ дякую за все, що ти зробив для нашої Долини. Впевнена, твої батьки пишаються тобою. ^^ - Керолайн {0}",
  "Omegasis.HappyBirthday_BelatedBirthdayWish_Clint": "Привіт, з пройдешнім днем народження, @. ^ Впевнений, цей рік буде чудовим для тебе. ^^ - Клінт {0}",
  "Omegasis.HappyBirthday_BelatedBirthdayWish_Demetrius": "З пройдешнім днем народження, @! ^ Обов'язково знайди час сьогодні, щоб насолодитись ним. ^^ - Деметріус {0}",
  "Omegasis.HappyBirthday_BelatedBirthdayWish_Dwarf": "З пройдешнім днем народження, @. ^ Почекай, люди ж відзначають этот це свято, правда ж? ^^ - Дварф {0}",
  "Omegasis.HappyBirthday_BelatedBirthdayWish_Elliott": "Сподіваюсь, в тебе був прекрасний день народження, @. ^ Я намагався написати для тебе вірші, але 'З пройдешнім днем народження' поки що має згодитись. ^^ - Елліот {0}",
  "Omegasis.HappyBirthday_BelatedBirthdayWish_Emily": "З пройдешнім днем народження, @! ^ Я бачу, як яскраво світить твоє майбутнє. ^^ - Емілі {0}",
  "Omegasis.HappyBirthday_BelatedBirthdayWish_Evelyn": "З пройдешнім днем народження, @. ^ Ти така гарна людина, і я впевнена, що твій дідусь пишався б тим, ким ти став. ^^ - Евелін {0}",
  "Omegasis.HappyBirthday_BelatedBirthdayWish_George": "Коли ти будеш мого ж віку, дні народження почнуть приходити і уходити. Все рівно, з пройдешнім днем народження, @. ^^ - Джордж {0}",
  "Omegasis.HappyBirthday_BelatedBirthdayWish_Gus": "Привіт, @, з пройдешнім днем народження! ^ Сподіваюсь, Ти насолоджуєшся залишком дня, і не забувай заходити до салуну! ^^ - Ґас {0}",
  "Omegasis.HappyBirthday_BelatedBirthdayWish_Haley": "З пройдешнім днем народження, @. ^ сподіваюсь, в цьому році на тебе чекають гарні подарунки! ^^ - Гейлі {0}",
  "Omegasis.HappyBirthday_BelatedBirthdayWish_Harvey": "З пройдешнім днем народження, @. ^ Навідуйся на огляд колись, гаразд? Хочу впевнитись, що тебе ще вдасться побачити багато днів. ^^ - Гарві {0}",
  "Omegasis.HappyBirthday_BelatedBirthdayWish_Jas": "З пройдешнім днем народження, @. ^ Я рада, що вирішила познайомитись з тобою краще. ^^ - Джас {0}",
  "Omegasis.HappyBirthday_BelatedBirthdayWish_Jodi": "Привіт, @. ^ Ходять чутки, що вчора був твій день народження. Якщо це так,то з пройдешнім днем народження! ^^ - Джоді {0}",
  "Omegasis.HappyBirthday_BelatedBirthdayWish_Kent": "Джоді сказала мені, що вчора був твій день народження, @. ^ з пройдешнім днем народження, і не забувай цінувати кожен день. ^^ - Кент {0}",
  "Omegasis.HappyBirthday_BelatedBirthdayWish_Krobus": "З пройдешнім днем народження, @. ^ Я все ще не дуже розумію людей, але я радий, що познайомився з вами. ^^ - Кробус {0}",
  "Omegasis.HappyBirthday_BelatedBirthdayWish_Leah": "Привіт, @, з пройдешнім днем народження! ^ Рада бачити, що у тебе все добре на фермі, і сподіваюсь, що новий рік принесе тобі натхнення! ^^ - Лея {0}",
  "Omegasis.HappyBirthday_BelatedBirthdayWish_Leo": "Привіт, @, ^ моя пташина сім'я розповіла мені, що у тебе був день народження вчора, тому я хотів побажати тобі щасливого року. Бажаю тобі всього найкращого! ^^ - Лео {0}",

  "Omegasis.HappyBirthday_BelatedBirthdayWish_Lewis": "З пройдешнім днем народження, @! ^ Я дуже ціную все, що ти робиш для міста. Продовжуй в тому ж дусі. ^^ - Л'юїс {0}",
  "Omegasis.HappyBirthday_BelatedBirthdayWish_Linus": "З пройдешнім днем народження, @. ^ дякую, що час від часу навідуєш мене. Мені дуже приємно мати таку чудову компанію. ^^ - Лінус {0}",
  "Omegasis.HappyBirthday_BelatedBirthdayWish_Marnie": "Привіт, @! ^ Всі говорили про твій день народження вчора, і я хотіла впевнитись, що і я привітаю тебе з пройдешнім днем народження. Що ж з пройдешнім! ^^ - Марні {0}",
  "Omegasis.HappyBirthday_BelatedBirthdayWish_Maru": "З пройдешнім днем народження тебе, @. ^ Я намагалась зробити для тебе вічну свічку, але, нажаль, це не вийшло. Можливо, в наступному році, окей? ^^ - Мару {0}",
  "Omegasis.HappyBirthday_BelatedBirthdayWish_Pam": "З пройдешнім днем народження, Дитя. ^ Нам тре випити щось разом, щоб відмітити ще один рік твого життя! ^^ - Пем {0}",
  "Omegasis.HappyBirthday_BelatedBirthdayWish_Penny": "З пройдешнім днем народження тебе, @. ^ Нехай в цьому році тобі посміхаєця вдача. ^^ - Пенні {0}",
  "Omegasis.HappyBirthday_BelatedBirthdayWish_Pierre": "Привіт, @, з пройдешнім днем народження! ^ сподіваюсь, що цей рік буде прекрасним для тебе! ^^ - П'єр {0}",
  "Omegasis.HappyBirthday_BelatedBirthdayWish_Robin": "Привіт, @, з пройдешнім днем народження! ^ Я дуже рада, що ти виріших переїздити в Долину. ^^ - Робін {0}",
  "Omegasis.HappyBirthday_BelatedBirthdayWish_Sam": "Привіт, @, з пройдешнім днем народження! ^ Нам треба влаштувати для тебе музикальну сесію на честь твого дня народження! ^^ - Сем {0}",
  "Omegasis.HappyBirthday_BelatedBirthdayWish_Sandy": "Привіт, сонечко, ^ Жаль, що я не змогла прихати в місто, щоб привітати тебе з днем народження, але я все рівно хотіла побажати тобі гарного дня народження. ^^ - Сенді {0}",
  "Omegasis.HappyBirthday_BelatedBirthdayWish_Sebastian": "З пройдешнім днем народження, @. ^ сподіваюсь, що у тебе все добре на фермі. ^^ - Себбі {0}",
  "Omegasis.HappyBirthday_BelatedBirthdayWish_Shane": "З пройдешнім днем народження, @. ^ Продовжуй наполегливо працювати, і я певен, що наступний рік буде чудовим для тебе. ^^ - Shane {0}",
  "Omegasis.HappyBirthday_BelatedBirthdayWish_Vincent": "Привіт, @. ^ Мама сказала мені, що вчора був твій день народження, тому я хотів привітати тебе з пройдешнім днем народження! Заходь, щоб ми могли пограти разом будь-коли! ^^ - Вінсент {0}",
  "Omegasis.HappyBirthday_BelatedBirthdayWish_Willy": "Агов, @. ^ з пройдешнім днем народження. Дивлячись на тебе, пригадую, як я сам був ще маленькою рибинкою. Насолоджуйся поки є змога. ^^ - Віллі {0}",
  "Omegasis.HappyBirthday_BelatedBirthdayWish_Wizard": "З пройдешнім днем народження ^ @. Ніколи не забувай, що ти сам будуєш своє майбутнє. Як я дізнався? Ах, я поідслухав місцевих жителів, які домовлялись, які подарунки тобі даруватимуть. Думаю, вони тобі сподобаються. ^^ - Расмодіус {0}",
  "Omegasis.HappyBirthday_Dad": "Дитятко @, ^ З днем народження. В цей твій день народження тут набагато тихіше, бо ти не тут, але і твій дідусь, і я знаєм, що ти змушуєш нас пишатись тобою. Ми знаємо, що жити окремо може бути складно, але ми віримо в тебе в тебе на всі сто, просто продовжуй йти за своїми мріями. ^ З любов'ю, тато ^ П.С. Тут небагато грошей на твої витрати на фермі. Щасти! {0}",
  "Omegasis.HappyBirthday_DatingAbigail_BirthdayPartyInvitation": "Привіт, @. ^ Моя сім'я і я вирішили влаштувати для тебе день народження у нас вдома. Ти можеш зайти до нас сьогодні? ^ З повагою, ^ - Абігейл",
  "Omegasis.HappyBirthday_DatingAbigail_BirthdayPartyInvitation_Wednesday": "Привіт, @. ^ Я подумала, що буде цікаво, якщо ми влаштуємо невелике свято для тебе сьогодні. Ти можеш прийти до печери пізніше? ^ Візьми броню, ^ - Абігейл",
  "Omegasis.HappyBirthday_DatingAlex_BirthdayPartyInvitation": "Привіт, @. ^ Я подумав, що було б цікаво влаштувати для тебе свято у нас вдома. Ти можеш зайти до мене сьогодні? ^^ - Алекс",
  "Omegasis.HappyBirthday_DatingElliott_BirthdayPartyInvitation": "Привіт, @. ^ Я подумав, що було б добре влаштувати для тебе день народження у мене вдома. Ти можеш забігти до мене в скромний будиночок пізніше сьогодні? ^ З повагою, ^ - Елліот",
  "Omegasis.HappyBirthday_DatingEmily_BirthdayPartyInvitation": "Привіт, @. ^ Я подумала, що буде круто влаштувати для тебе день народження у нас вдома. Ти можеш погостювати в нас сьогодні? ^ З повагою, ^ - Еміл",
  "Omegasis.HappyBirthday_DatingHaley_BirthdayPartyInvitation": "Привіт, @. ^ Я подумала, що буде цікаво влаштувати для тебе свято у нас вдома. Ти можеш зайти до мене в гості сьогодні? ^ З повагою, ^ - Гейлі",
  "Omegasis.HappyBirthday_DatingHarvey_BirthdayPartyInvitation": "Привіт, @. ^ Я подумав, що бул бы добре влаштувати для тебе день народження у мене вдома. Ти можеш заглянути в мою кімнату на другому поверсі клініки сьогодні? ^ З повагою, ^ - Гарві",
  "Omegasis.HappyBirthday_DatingLeah_BirthdayPartyInvitation": "Привіт, @. ^ Ти можеш заглянути в мій дім пізніше? Я подумала, що було б чудово влаштувати для тебе невелике святкування. ^ З повагою, ^ - Лея",
  "Omegasis.HappyBirthday_DatingMaru_BirthdayPartyInvitation": "Привіт, @. ^ Моя сім'я та я вирішили влаштувати для тебе день народження у нас вдома. Ти можеш зайти до нас сьогодні? ^ З повагою, ^ - Мару",
  "Omegasis.HappyBirthday_DatingPenny_BirthdayPartyInvitation": "Вітаю @. ^ Моя мама і я вирішили влаштувати для тебе невелике свято. Ти зможеш прийти до нас? ^ З повагою, ^ - Пенні",
  "Omegasis.HappyBirthday_DatingSam_BirthdayPartyInvitation": "Привіт, @. ^ Я подумав, що буде весело влаштувати для тебе вечірку. Ти можеш зайти до мене додому сьогодні? ^^ - Сем",
  "Omegasis.HappyBirthday_DatingSebastian_BirthdayPartyInvitation": "Привіт, @. ^ Ти міг би заскочити до мене пізніше? Моя сім'я і я хочемо влаштувати для тебе вечірку на честь дня народження. ^^ - Себастьян",
  "Omegasis.HappyBirthday_DatingShane_BirthdayPartyInvitation": "Привіт, @. ^ Можеш зайти дл мене додому сьогодні? Я подумав, що зроблю невеличку зустріч для тебе. ^^ - Шейн",
  "Omegasis.HappyBirthday_Junimos": "Будь ласка, приходь в клуб сьогодні. ^ З повагою, ^ - Джунімо",
  "Omegasis.HappyBirthday_Mom": "Сонце @, ^ З днем народження! було чудово спостерігати, як ти стаєш такою турботливою, працьовитою людиною, про яку я завжди мріяла. Бажаю тобі набути ще багато щасливих спогадів з тими, кого ти любиш. ^ Люблю тебе, мама ^ П.С. Ось тобі маленький подаруночок, який я зробила для тебе. {0}",
  "Omegasis.HappyBirthday_BelatedBirthdayWish_Generic_Fallback_Npc_Message": "З пройдешнім днем народження, @! ^ сподіваюсь, що він пройшов чудово, успіхів! ^^ - {1} {0}"

}
