﻿{
  "Alex": "Привіт, {AffectionateSpouseWord}. Я такий радий, що одружився на тобі. ти робиш кожен день схожим на перемогу в спортивному матчі. З днем народження! $l",
  "Elliott": "Доброго ранку {TimeOfDay}, {AffectionateSpouseWord}. Я тільки що думав про те, як ти стала натхненням для моєї роботи. Ти надихаєш мене кожен день, проведений з тобою. З днем народження! $l",
  "Harvey": "Добридень {TimeOfDay}, {AffectionateSpouseWord}. Я тільки що задумався про те, наскільки краще я відчуваю себе , з тих пір як одружився на тобі. Коли я дивлюсь на тебе, я відчуваю, що сяю від щастя. З днем народження! $l",
  "Sam": "Привіт {TimeOfDay}, {AffectionateSpouseWord}. Знаєш, я ніколи не уявляв себе так, поки не зустрів тебе. Але тепер, коли це відбулось, я відчув, що не хочу дивитись назад. З днем народження! $l",
  "Sebastian": "Я ніколи не був великим любителем святкувань  днів народжень, але з тобою сьогодні мій особливий день. З днем народження, {AffectionateSpouseWord}. $l",
  "Shane": "Я ніколи не думав, що можу насолоджуватись чимось, окрім випивки в день народження, але ти показала мені, як жити гарним життям. З днем народження, {AffectionateSpouseWord}. $l",
  "Abigail": "Привіт, {AffectionateSpouseWord}. ти знаєш, кожен день з тобою схожий на велику пригоду! З днем народження! $l",
  "Emily": "Знаєш, коли я намагалась читати свою долю, я ніколи не думала, що буду так щаслива, як зараз з тобою! З днем народження, {AffectionateSpouseWord}! $l",
  "Haley": "Знаєш, {AffectionateSpouseWord}, ми пройшли довгий шлях з тих пір, як зустрілись, але я рада, що ми здійснили цю подорож разом. Кожен день з тобою наче фотографія з ідеальним моментом на ній. З днем народження! $l",
  "Leah": "Привіт, {TimeOfDay}, {AffectionateSpouseWord}. Бути з тобою стало чудовим натхненням для мене. Я створюю скульптури з дерева, але з тобою я створюю своє життя, з емоцій і щасливих спогадів. З днем народження! $l",
  "Maru": "З днем народження, {AffectionateSpouseWord}. Я завжди думала, що маю шукати впавшу зірку в космосі, але коли дивлюсь на тебе, розумію, що у мене уже вона є. $l",
  "Penny": "З днем народження, {AffectionateSpouseWord}. Я завжди любила історії кохання в книгах, але з тобою я маю таке кохання, про яке неможливо написати. $l",
  "Krobus": "Добридень {TimeOfDay}. Я радий, що у нас є можливість жити разом, з тобою я дізнався багато нового про тебе і людську культуру, включно з тим, як святкувати дні народження. Сподіваюсь, що ми проведем ще багато років разом. З днем народження @! $h"
}
