﻿{
  "BirthdayError_FestivalDay": "Ти не можеш відмічати день народження в день фестивалю. Вибач!",
  "Date": "Дата",
  "Default Birthday Wish": "З днем народження, @!",
  "FavoriteGift": "Улюлена річ",
  "Happy Birthday: Farmhand Birthday Message": "Сьогодні день народження в @! Вітаємо",
  "Happy Birthday: Star Message": "Сьогодін твій день народження! З днем народження!",
  "Season": "Сезон",
  "Selected": "Обрано",
  "TimeOfDay_Morning": "Ранок",
  "TimeOfDay_Afternoon": "Обід",
  "TimeOfDay_Night": "Вечір"
}
